<?xml version="1.0" encoding="UTF-8" standalone="yes"?>
<magasin><article id="CA300" categorie="photo">
 <designation>Canon EOS 3000V zoom 28/80 </designation>
 <prix>329.00 </prix>
</article>
<article id="CAS07" categorie="divers">
 <designation>Cassette DV60 par 5 </designation>
 <prix>26.90 </prix>
</article>
<article id="CP100" categorie="video">
 <designation>Cam&#233;scope Panasonic SV-AV 100 </designation>
 <prix>1490.00 </prix>
</article>
<article id="CS330" categorie="video">
 <designation>Cam&#233;scope Sony DCR-PC330 </designation>
 <prix>1629.00 </prix>
</article>
<article id="DEL30" categorie="informatique">
 <designation>Portable Dell X300 </designation>
 <prix>1715.00 </prix>
</article>
<article id="DVD75" categorie="divers">
 <designation>DVD vierge par 3 </designation>
 <prix>17.50 </prix>
</article>
<article id="HP497" categorie="informatique">
 <designation>PC Bureau HP497 &#233;cran TFT </designation>
 <prix>1500.00 </prix>
</article>
<article id="NIK55" categorie="photo">
 <designation>Nikon F55+zoom 28/80 </designation>
 <prix>269.00 </prix>
</article>
<article id="NIK80" categorie="photo">
 <designation>Nikon F80 </designation>
 <prix>479.00 </prix>
</article>
<article id="SAX15" categorie="informatique">
 <designation>Portable Samsung X15 XVM </designation>
 <prix>1999.00 </prix>
</article>
<article id="SOXMP" categorie="informatique">
 <designation>PC Portable Sony Z1-XMP </designation>
 <prix>2399.00 </prix>
</article>
</magasin>