<?xml version="1.0" encoding="UTF-8" standalone="yes"?>
<biblio>
  <ouvrage>
    <livre editeur="FAYARD" prix="20.00">
    <titre>L'empire de la honte</titre>
    <auteur>Jean Ziegler</auteur>
    <date>2005</date>
  </livre>
  <livre editeur="GALLIMARD " prix="18.00">
    <titre>Ritournelle de la faim </titre>
    <auteur>J.M.G Le Clézio</auteur>
    <date>2008</date>
  </livre>
  <livre editeur="POL" prix="15.00">
    <titre>Singue Sabour : La pierre de patience</titre>
    <auteur>Atiq Rahimi</auteur>
    <date>2008</date>
  </livre>
  </ouvrage>
  <musique>
    <disque editeur="Deutsche Grammophon" Prix="14.00">
      <titre>5 eme Symphonie </titre>
      <auteur>Ludwig van BEETHOVEN</auteur>
      <date>1808</date>
    </disque>
    <disque editeur="EMI" Prix="14.00">
      <titre>Suites pour violoncelle </titre>
      <auteur>Johann Sebastian BACH</auteur>
      <date>1725</date>
    </disque>
  </musique>
</biblio>
