<?xml version="1.0" encoding="UTF-8" standalone="yes"?>
<biblio>
  <livre editeur="FAYARD" prix="20.00">
    <titre>La haine de l'Occident </titre>
    <auteur>Jean Ziegler</auteur>
    <date>2008</date>
  </livre>
  <livre editeur="GALLIMARD" prix="18.00">
    <titre>Ritournelle de la faim </titre>
    <auteur>J.M.G Le Clézio</auteur>
    <date>2008</date>
  </livre>
  <livre editeur="POL" prix="15.00">
    <titre>Singue Sabour : La pierre de patience</titre>
    <auteur>Atiq Rahimi</auteur>
    <date>2008</date>
  </livre>
</biblio>
